<?xml version="1.0" encoding="UTF-8"?>
<jcr:root xmlns:sling="http://sling.apache.org/jcr/sling/1.0" xmlns:granite="http://www.adobe.com/jcr/granite/1.0" xmlns:cq="http://www.day.com/jcr/cq/1.0" xmlns:jcr="http://www.jcp.org/jcr/1.0" xmlns:nt="http://www.jcp.org/jcr/nt/1.0"
    jcr:primaryType="nt:unstructured"
    jcr:title="Author Books"
    sling:resourceType="cq/gui/components/authoring/dialog">
    <content
        granite:class="cmp-author_editor"
        jcr:primaryType="nt:unstructured"
        sling:resourceType="granite/ui/components/coral/foundation/fixedcolumns">
        <items jcr:primaryType="nt:unstructured">
            <tabs
                jcr:primaryType="nt:unstructured"
                sling:resourceType="granite/ui/components/coral/foundation/tabs"
                maximized="{Boolean}true">
                <items jcr:primaryType="nt:unstructured">
                    <nastedmultifield
                        jcr:primaryType="nt:unstructured"
                        jcr:title="Nasted Multifield"
                        sling:resourceType="granite/ui/components/coral/foundation/container">
                        <items jcr:primaryType="nt:unstructured">
                            <well
                                jcr:primaryType="nt:unstructured"
                                sling:resourceType="granite/ui/components/coral/foundation/well"
                                fieldLabel="Book Details">
                                <items jcr:primaryType="nt:unstructured">
                                    <bookdetailswithnastedmultifield
                                        jcr:primaryType="nt:unstructured"
                                        sling:resourceType="granite/ui/components/coral/foundation/form/multifield"
                                        composite="{Boolean}true"
                                        fieldDescription="Books Details"
                                        fieldLabel="Book Details"
                                        required="{Boolean}false">
                                        <field
                                            jcr:primaryType="nt:unstructured"
                                            sling:resourceType="granite/ui/components/coral/foundation/container"
                                            emptyText="Books Details"
                                            name="./bookdetailswithnastedmultifield">
                                            <items jcr:primaryType="nt:unstructured">
                                                <bookname
                                                    jcr:primaryType="nt:unstructured"
                                                    sling:resourceType="granite/ui/components/coral/foundation/form/textfield"
                                                    emptyText="Book Name"
                                                    fieldLabel="Book Name"
                                                    name="./bookname"/>
                                                <bookeditons
                                                    jcr:primaryType="nt:unstructured"
                                                    sling:resourceType="granite/ui/components/coral/foundation/form/multifield"
                                                    composite="{Boolean}true"
                                                    fieldDescription="Book Editions detail."
                                                    fieldLabel="Book Editions"
                                                    required="{Boolean}false">
                                                    <field
                                                        jcr:primaryType="nt:unstructured"
                                                        sling:resourceType="granite/ui/components/coral/foundation/container"
                                                        emptyText="Book Editions"
                                                        name="./bookeditons">
                                                        <items jcr:primaryType="nt:unstructured">
                                                            <title
                                                                jcr:primaryType="nt:unstructured"
                                                                sling:resourceType="granite/ui/components/coral/foundation/form/textfield"
                                                                emptyText="give title "
                                                                fieldLabel="Title"
                                                                name="./title"/>
                                                            <description
                                                                jcr:primaryType="nt:unstructured"
                                                                sling:resourceType="granite/ui/components/coral/foundation/form/textfield"
                                                                fieldDescription="this is description."
                                                                fieldLabel="Description"
                                                                name="./description"/>
                                                        </items>
                                                    </field>
                                                </bookeditons>
                                            </items>
                                        </field>
                                    </bookdetailswithnastedmultifield>
                                </items>
                            </well>
                        </items>
                    </nastedmultifield>
                </items>
            </tabs>
        </items>
    </content>
</jcr:root>
