<?xml version="1.0" encoding="UTF-8"?>
<jcr:root xmlns:sling="http://sling.apache.org/jcr/sling/1.0" xmlns:granite="http://www.adobe.com/jcr/granite/1.0" xmlns:cq="http://www.day.com/jcr/cq/1.0" xmlns:jcr="http://www.jcp.org/jcr/1.0" xmlns:nt="http://www.jcp.org/jcr/nt/1.0"
    jcr:primaryType="nt:unstructured"
    jcr:title="Accordion"
    sling:resourceType="cq/gui/components/authoring/dialog"
    extraClientlibs="[core.wcm.components.accordion.v1.editor]"
    helpPath="https://www.adobe.com/go/aem_cmp_accordion_v1">
    <content
        granite:class="cmp-accordion__editor"
        jcr:primaryType="nt:unstructured">
        <items jcr:primaryType="nt:unstructured">
            <tabs jcr:primaryType="nt:unstructured">
                <items jcr:primaryType="nt:unstructured">
                    <properties
                        jcr:primaryType="nt:unstructured"
                        jcr:title="Properties"
                        sling:orderBefore="allowedcomponents"
                        sling:resourceType="granite/ui/components/coral/foundation/container"
                        margin="{Boolean}true">
                        <items jcr:primaryType="nt:unstructured">
                            <column
                                jcr:primaryType="nt:unstructured"
                                sling:resourceType="granite/ui/components/coral/foundation/container">
                                <items jcr:primaryType="nt:unstructured">
                                    <allowedHeadingElements
                                        jcr:primaryType="nt:unstructured"
                                        sling:resourceType="granite/ui/components/coral/foundation/form/select"
                                        fieldDescription="The accordion item heading HTML elements that are allowed to be selected by an author."
                                        fieldLabel="Allowed Heading Elements"
                                        multiple="{Boolean}true"
                                        name="./allowedHeadingElements"
                                        ordered="{Boolean}true"
                                        required="{Boolean}true">
                                        <items jcr:primaryType="nt:unstructured">
                                            <h2
                                                jcr:primaryType="nt:unstructured"
                                                selected="{Boolean}true"
                                                text="h2"
                                                value="h2"/>
                                            <h3
                                                jcr:primaryType="nt:unstructured"
                                                selected="{Boolean}true"
                                                text="h3"
                                                value="h3"/>
                                            <h4
                                                jcr:primaryType="nt:unstructured"
                                                selected="{Boolean}true"
                                                text="h4"
                                                value="h4"/>
                                            <h5
                                                jcr:primaryType="nt:unstructured"
                                                selected="{Boolean}true"
                                                text="h5"
                                                value="h5"/>
                                            <h6
                                                jcr:primaryType="nt:unstructured"
                                                selected="{Boolean}true"
                                                text="h6"
                                                value="h6"/>
                                        </items>
                                        <granite:data
                                            jcr:primaryType="nt:unstructured"
                                            cmp-accordion-v1-dialog-policy-hook="allowedHeadingElements"/>
                                    </allowedHeadingElements>
                                    <headingElement
                                        jcr:primaryType="nt:unstructured"
                                        sling:resourceType="granite/ui/components/coral/foundation/form/select"
                                        fieldDescription="The default accordion item heading HTML element."
                                        fieldLabel="Default Heading Element"
                                        name="./headingElement"
                                        ordered="{Boolean}true"
                                        wrapperClass="foundation-toggleable">
                                        <items jcr:primaryType="nt:unstructured">
                                            <h2
                                                jcr:primaryType="nt:unstructured"
                                                text="h2"
                                                value="h2"/>
                                            <h3
                                                jcr:primaryType="nt:unstructured"
                                                selected="{Boolean}true"
                                                text="h3"
                                                value="h3"/>
                                            <h4
                                                jcr:primaryType="nt:unstructured"
                                                text="h4"
                                                value="h4"/>
                                            <h5
                                                jcr:primaryType="nt:unstructured"
                                                text="h5"
                                                value="h5"/>
                                            <h6
                                                jcr:primaryType="nt:unstructured"
                                                text="h6"
                                                value="h6"/>
                                        </items>
                                        <granite:data
                                            jcr:primaryType="nt:unstructured"
                                            cmp-accordion-v1-dialog-policy-hook="headingElement"/>
                                    </headingElement>
                                </items>
                            </column>
                        </items>
                    </properties>
                </items>
            </tabs>
        </items>
    </content>
</jcr:root>
